{
    "integrationUser": {
        "systemAdmin": false
    },
    "tiles": [
        {
            "_id": "53b1cc61d78294b8de557b01",
            "sampleData": {
                "title": "Volunteer Efforts",
                "contents": [
                    {
                        "text": "A selfless volunteer",
                        "linkDescription": "Spent many hours supporting good causes at a charitable organization",
                        "linkMoreDescription": "In a needy location"
                    }
                ],
                "config": {
                    "listStyle": "peopleList"
                },
                "action": {
                    "text": "Log Your Volunteer Effort!"
                }
            },
            "displayName": "Volunteer Tools",
            "name": "volunteer-tools",
            "description": "Tools to log and share the individual and group volunteer efforts of employees across the company",
            "style": "LIST",
            "icons": {
                "16": "https://community.jivesoftware.com/servlet/JiveServlet/showImage/102-99994-1-1023036/j.png",
                "48": "https://community.jivesoftware.com/servlet/JiveServlet/showImage/102-99994-1-1023036/j.png",
                "128": "https://community.jivesoftware.com/servlet/JiveServlet/showImage/102-99994-1-1023036/j.png"
            },
            "action": "http://localhost:8090/volunteer-tools/action",
            "id": "9fbfd09d-780b-46a5-8ba7-a1843bada3a4",
            "definitionDirName": "volunteer-tools",
            "published": "2013-02-28T15:12:16.768-0800",
            "updated": "2013-02-28T15:12:16.768-0800",
            "config": "http://localhost:8090/volunteer-tools/configure",
            "unregister": "http://localhost:8090/unregister",
            "register": "http://localhost:8090/registration"
        }
    ],
    "templates": [
        {
            "name": "defaultTemplate",
            "displayName": "Contains: [Volunteer Tools] ",
            "description": "[Volunteer Tools] ",
            "tiles": [
                "volunteer-tools"
            ]
        }
    ],
    "osapps": [],
    "storageDefinitions": [],
    "jabCartridges": []
}