{
    "package_version": "1.0",
    "id": "ed3c3203-af4b-4358-a428-5bf6121298bb",
    "type": "client-app",
    "name": "Add-on containing tiles(s)",
    "description": "Tiles: [volunteer-tools]",
    "minimum_version": "0000",
    "icon_16": "extension-16.png",
    "icon_48": "extension-48.png",
    "icon_128": "extension-128.png",
    "status": "available",
    "released_on": "2013-03-08T19:11:11.234Z",
    "register_url": "%serviceURL%/jive/oauth/register",
    "unregister_url": "%serviceURL%/jive/oauth/unregister",
    "service_url": "http://localhost:8090",
    "redirect_url": "%serviceURL%"
}